name,status,e,md,mf,mln,msl,mss,tdp,computer,train time,predict time,diff mean,abs diff mean,diff var,abs diff var,median,mode,training time (hours),r^2
rfm_e50_md60_mfAUTO_mln50000_msl8_mss5_tdp25.yml,complete,50.0,60.0,AUTO,50000.0,8.0,5.0,25.0,ocotal,0:41:20.608450,0:00:39.996300,-0.002525397136449941,1.1575999740051952,3.138041558239609,1.7980102360534782,0.008116972931444977,,,0.9838076483338302
rfm_e50_md100_mfAUTO_mln50000_msl2_mss5_tdp75.yml,complete,50.0,100.0,AUTO,50000.0,2.0,5.0,75.0,finwhale,1:17:26.933209,0:00:29.521916,-0.0011594057616978331,1.182020345189651,3.0791228015007217,1.6819520492801767,0.00846936641984497,,,0.9841116955476
rfm_e50_md25_mfAUTO_mln50000_msl8_mss5_tdp25.yml,complete,50.0,25.0,AUTO,50000.0,8.0,5.0,25.0,bristlecone,0:22:37.552727,0:00:30.633898,-0.002208649361003032,1.1863802897084097,3.2985711910029325,1.891077877326312,0.011954720718838407,,,0.9829793219222346
rfm_e100_md25_mfAUTO_mln50000_msl4_mss5_tdp75.yml,complete,100.0,25.0,AUTO,50000.0,4.0,5.0,75.0,bristlecone,2:47:51.164530,0:00:57.936676,-0.0010043634030035091,1.1969381767981406,3.1817648317388945,1.7491048414078925,0.01086516262879922,,,0.9835820636072448
rfm_e10_md100_mfAUTO_mln50000_msl8_mss5_tdp25.yml,complete,10.0,100.0,AUTO,50000.0,8.0,5.0,25.0,ocotal,0:05:39.008684,0:00:09.500778,-0.002823822403118158,1.2090779503243232,3.4563974084240945,1.9945358924365884,0.008941650015043767,,,0.9821649214427652
rfm_e50_md25_mfAUTO_mln50000_msl2_mss2_tdp75.yml,complete,50.0,25.0,AUTO,50000.0,2.0,2.0,75.0,ocotal,1:40:05.133098,0:00:38.992145,-0.001033286139535791,1.2106141312716956,3.254593134457282,1.789007627302803,0.011654377336311585,,,0.9832062686967616
rfm_e10_md25_mfAUTO_mln50000_msl8_mss2_tdp75.yml,complete,10.0,25.0,AUTO,50000.0,8.0,2.0,75.0,finwhale,0:18:26.152582,0:00:07.190462,-0.0008963670705123278,1.2446625090661767,3.5183988004962017,1.9692148424952165,0.01113109538468926,,,0.981845030779048
rfm_e50_md60_mfLOG2_mln50000_msl4_mss5_tdp50.yml,complete,50.0,60.0,LOG2,50000.0,4.0,5.0,50.0,finwhale,0:14:32.715884,0:00:30.140521,-0.004093363671260543,1.4529948818303402,4.4962103413260195,2.3850329703269795,0.027476505235179083,,,0.976799433337968
rfm_e50_md100_mfLOG2_mln50000_msl2_mss10_tdp75.yml,complete,50.0,100.0,LOG2,50000.0,2.0,10.0,75.0,finwhale,0:22:25.756953,0:00:29.650409,-0.0026633255816781915,1.4446496278409806,4.450521586083203,2.3635161321652682,0.0276366278118978,,,0.9770352375267296
rfm_e50_md60_mfSQRT_mln50000_msl1_mss2_tdp25.yml,complete,50.0,60.0,SQRT,50000.0,1.0,2.0,25.0,finwhale,0:06:27.213876,0:00:29.643671,-0.004690039213597877,1.4724809184959688,4.624422483190063,2.456244424323163,0.025269340733528267,,,0.9761378306496356
rfm_e50_md25_mfSQRT_mln50000_msl8_mss5_tdp75.yml,complete,50.0,25.0,SQRT,50000.0,8.0,5.0,75.0,finwhale,0:22:23.211881,0:00:29.445641,-0.002151959225807023,1.4929436470413089,4.834711118480148,2.6058350161676653,0.03107187396902233,,,0.9750528292683064
rfm_e50_md25_mfSQRT_mln50000_msl8_mss5_tdp25.yml,complete,50.0,25.0,SQRT,50000.0,8.0,5.0,25.0,ocotal,0:08:10.273807,0:00:40.106908,-0.004324407820753451,1.5195484707870612,5.056384007989439,2.7473751534211432,0.03110423396249229,,,0.9739089228415576
rfm_e10_md100_mfLOG2_mln50000_msl4_mss2_tdp50.yml,complete,10.0,100.0,LOG2,50000.0,4.0,2.0,50.0,ocotal,0:04:01.737468,0:00:09.078700,-0.004334995482293943,1.5613757964526471,5.17143433363512,2.733558748072812,0.02873198376032127,,,0.973315261796604
rfm_e10_md60_mfLOG2_mln50000_msl8_mss2_tdp75.yml,complete,10.0,60.0,LOG2,50000.0,8.0,2.0,75.0,ocotal,0:06:25.435848,0:00:10.017421,-0.0022310504232282273,1.5375165248913625,5.063014423024368,2.699062336296338,0.030472439034515464,,,0.9738747806589552
rfm_e10_md60_mfLOG2_mln50000_msl2_mss5_tdp75.yml,complete,10.0,60.0,LOG2,50000.0,2.0,5.0,75.0,finwhale,0:05:27.148312,0:00:07.883998,-0.0027334609932150138,1.5331816195445245,5.023460447310579,2.672822040610425,0.02710305147889669,,,0.9740788666099368
rfm_e10_md100_mfLOG2_mln50000_msl4_mss5_tdp50.yml,complete,10.0,100.0,LOG2,50000.0,4.0,5.0,50.0,ocotal,0:04:32.747826,0:00:09.642626,-0.0043349954822939855,1.5613757964526471,5.17143433363512,2.733558748072812,0.02873198376032149,,,0.973315261796604
rfm_e10_md100_mfLOG2_mln50000_msl1_mss5_tdp25.yml,complete,10.0,100.0,LOG2,50000.0,1.0,5.0,25.0,finwhale,0:01:34.001134,0:00:07.986397,-0.005330299549116139,1.5797834521730767,5.331353151838998,2.8356658081723927,0.025201529888554286,,,0.9724900298166465
rfm_e10_md25_mfSQRT_mln50000_msl8_mss2_tdp75.yml,complete,10.0,25.0,SQRT,50000.0,8.0,2.0,75.0,finwhale,0:05:16.600129,0:00:07.884375,-0.002191894952910343,1.5881847822669188,5.4683214635900566,2.9459953653693365,0.033045322610438355,,,0.9717833940824908
rfm_e10_md25_mfSQRT_mln50000_msl1_mss10_tdp50.yml,complete,10.0,25.0,SQRT,50000.0,1.0,10.0,50.0,ocotal,0:03:46.469526,0:00:09.026066,-0.0034174955521550786,1.6203120758808809,5.620099490587497,2.9946999466179567,0.03338023786323552,,,0.9710001828126446
rfm_e100_md60_mfAUTO_mln10000_msl1_mss2_tdp25.yml,complete,100.0,60.0,AUTO,10000.0,1.0,2.0,25.0,ocotal,0:46:36.863791,0:00:58.962452,-0.0029861752307636944,2.267328596813828,10.389431737335324,5.2486616886480935,0.043523842421239856,,,0.9463904057134584
rfm_e50_md60_mfAUTO_mln10000_msl8_mss2_tdp25.yml,complete,50.0,60.0,AUTO,10000.0,8.0,2.0,25.0,finwhale,0:20:06.555867,0:00:23.024559,-0.002049718708105893,2.2669395990905565,10.339642511464646,5.200631566886621,0.04903435023284464,,,0.9466473428388318
rfm_e10_md60_mfAUTO_mln10000_msl4_mss10_tdp25.yml,complete,10.0,60.0,AUTO,10000.0,4.0,10.0,25.0,bristlecone,0:04:18.465924,0:00:05.144747,-0.001865225066803085,2.2847410258698044,10.52765273295234,5.307614656724317,0.042674562913897096,,,0.9456772123660252
rfm_e50_md25_mfAUTO_mln10000_msl2_mss10_tdp50.yml,complete,50.0,25.0,AUTO,10000.0,2.0,10.0,50.0,bristlecone,0:48:08.264330,0:00:24.053111,-0.002212084745573249,2.2795593000156367,10.441424397580539,5.245038688611672,0.05030926348426093,,,0.9461221439471732
rfm_e10_md25_mfAUTO_mln10000_msl8_mss5_tdp50.yml,complete,10.0,25.0,AUTO,10000.0,8.0,5.0,50.0,finwhale,0:10:50.951253,0:00:05.984989,-0.0029517856147648213,2.3233479644614654,10.840100691792566,5.442163640863613,0.0486932577292154,,,0.9440649514698708
rfm_e100_md25_mfAUTO_mln10000_msl1_mss5_tdp75.yml,complete,100.0,25.0,AUTO,10000.0,1.0,5.0,75.0,finwhale,2:15:56.727891,0:00:44.915101,-0.0009965474397839653,2.324255627375205,10.922638733134155,5.5204755048556455,0.04866608742904209,,,0.9436390943718584
rfm_e10_md60_mfAUTO_mln10000_msl8_mss2_tdp75.yml,complete,10.0,60.0,AUTO,10000.0,8.0,2.0,75.0,ocotal,0:18:41.908740,0:00:07.406027,-0.0009009202203451867,2.3688959180797995,11.412003314415353,5.800336255377482,0.04873605654047844,,,0.9411139702765884
rfm_e10_md100_mfAUTO_mln10000_msl4_mss10_tdp75.yml,complete,10.0,100.0,AUTO,10000.0,4.0,10.0,75.0,bristlecone,0:15:19.465891,0:00:05.147964,-0.00036227976656639886,2.344553296563997,11.084984360498652,5.588054331316156,0.0505835809584938,,,0.9428013941238284
rfm_e100_md100_mfSQRT_mln10000_msl2_mss10_tdp25.yml,complete,100.0,100.0,SQRT,10000.0,2.0,10.0,25.0,ocotal,0:13:40.017508,0:01:00.458265,-0.004088425248239122,2.5717711798378406,12.659285532744743,6.0452952465212215,0.08371843945928048,,,0.9346779023021692
rfm_e100_md60_mfLOG2_mln10000_msl1_mss10_tdp50.yml,complete,100.0,60.0,LOG2,10000.0,1.0,10.0,50.0,bristlecone,0:27:28.069832,0:00:49.622348,-0.002665820645479061,2.565991132148348,12.65737265987206,6.0730692762077725,0.07965488076153837,,,0.9346878223215758
rfm_e100_md100_mfLOG2_mln10000_msl4_mss2_tdp50.yml,complete,100.0,100.0,LOG2,10000.0,4.0,2.0,50.0,ocotal,0:31:05.814997,0:01:02.484329,-0.002215446323221987,2.565204662305248,12.610843181149518,6.0305731298393725,0.0800046810484043,,,0.9349279261360932
rfm_e100_md60_mfLOG2_mln10000_msl2_mss5_tdp75.yml,complete,100.0,60.0,LOG2,10000.0,2.0,5.0,75.0,bristlecone,0:44:05.159021,0:00:49.359871,-0.0012272173209254475,2.562163067178987,12.595620530990374,6.030942454236666,0.07677071860107842,,,0.9350064926839456
rfm_e100_md25_mfLOG2_mln10000_msl2_mss10_tdp25.yml,complete,100.0,25.0,LOG2,10000.0,2.0,10.0,25.0,ocotal,0:13:38.689475,0:01:01.018879,-0.003949024132167267,2.574668189633786,12.689771993542562,6.0608713016221225,0.08156654238495198,,,0.9345205977096338
rfm_e100_md60_mfSQRT_mln10000_msl8_mss10_tdp25.yml,complete,100.0,60.0,SQRT,10000.0,8.0,10.0,25.0,ocotal,0:13:36.423578,0:01:00.392887,-0.0043708893884189795,2.569443669368868,12.652355337758065,6.0503336723723695,0.07807841518895152,,,0.9347136498324072
rfm_e50_md60_mfSQRT_mln10000_msl2_mss10_tdp50.yml,complete,50.0,60.0,SQRT,10000.0,2.0,10.0,50.0,ocotal,0:16:17.128231,0:00:32.559466,-0.002355947375193607,2.582883033649356,12.753776664915984,6.082497449890275,0.08190464871693526,,,0.9341903849380524
rfm_e50_md60_mfSQRT_mln10000_msl2_mss10_tdp25.yml,complete,50.0,60.0,SQRT,10000.0,2.0,10.0,25.0,bristlecone,0:06:14.755555,0:00:24.988200,-0.0026990251615062787,2.5814906406071296,12.751980448517404,6.087893805712035,0.07865377985088973,,,0.9341996444798506
rfm_e50_md100_mfLOG2_mln10000_msl4_mss10_tdp75.yml,complete,50.0,100.0,LOG2,10000.0,4.0,10.0,75.0,bristlecone,0:22:10.648613,0:00:24.938973,-0.001144898484802925,2.5751427189864726,12.728028937154358,6.096670224797863,0.07655997829771888,,,0.9343232652896856
rfm_e50_md60_mfLOG2_mln10000_msl4_mss2_tdp25.yml,complete,50.0,60.0,LOG2,10000.0,4.0,2.0,25.0,ocotal,0:07:21.432486,0:00:34.750821,-0.0037188217508223923,2.5817223904322053,12.7474503475956,6.082173675971812,0.08218969461290726,,,0.9342229860639854
rfm_e50_md60_mfLOG2_mln10000_msl2_mss5_tdp75.yml,complete,50.0,60.0,LOG2,10000.0,2.0,5.0,75.0,finwhale,0:19:52.204096,0:00:23.944573,-0.0013547379995398085,2.5883814732955934,12.857635262376974,6.1579184463922,0.08000003616461893,,,0.9336544929406632
rfm_e10_md60_mfSQRT_mln10000_msl8_mss10_tdp25.yml,complete,10.0,60.0,SQRT,10000.0,8.0,10.0,25.0,ocotal,0:01:36.112765,0:00:07.991811,-0.004136485804922484,2.7079705537494347,14.0141803358054,6.68109292634625,0.09293814299858466,,,0.927686632579428
rfm_e10_md100_mfSQRT_mln10000_msl2_mss10_tdp50.yml,complete,10.0,100.0,SQRT,10000.0,2.0,10.0,50.0,ocotal,0:03:26.901802,0:00:07.699479,-0.0032719261460187788,2.710088062683504,14.030666521561654,6.6860999195627455,0.09689865188085632,,,0.9276015967830948
rfm_e10_md25_mfLOG2_mln10000_msl2_mss5_tdp75.yml,complete,10.0,25.0,LOG2,10000.0,2.0,5.0,75.0,ocotal,0:05:22.332666,0:00:08.250132,-0.0005764212015181469,2.678750897378744,13.780374125726867,6.604668087780883,0.0991847540133457,,,0.9288931610111408
rfm_e10_md25_mfLOG2_mln10000_msl2_mss5_tdp50.yml,complete,10.0,25.0,LOG2,10000.0,2.0,5.0,50.0,ocotal,0:03:18.938965,0:00:08.037611,-0.003453332755770781,2.7159676603549627,14.05936158553973,6.682893178952815,0.09740652788685727,,,0.9274535237353648
rfm_e10_md25_mfLOG2_mln10000_msl2_mss10_tdp25.yml,complete,10.0,25.0,LOG2,10000.0,2.0,10.0,25.0,bristlecone,0:01:15.142835,0:00:05.525431,-0.0021029925203602867,2.6791549438300253,13.818676438139825,6.6408096476685365,0.08702517152147228,,,0.9286954996762182
rfm_e10_md100_mfSQRT_mln10000_msl8_mss5_tdp75.yml,complete,10.0,100.0,SQRT,10000.0,8.0,5.0,75.0,bristlecone,0:04:32.529441,0:00:05.634610,-0.0008614916067365857,2.697438659911415,13.953158287809146,6.676983705992162,0.0844301120177906,,,0.9280015912807528
rfm_e100_md25_mfAUTO_mln5000_msl4_mss5_tdp25.yml,complete,100.0,25.0,AUTO,5000.0,4.0,5.0,25.0,ocotal,0:43:43.361798,0:00:57.385503,-0.0022134924171504887,2.839414456266076,15.588340443901947,7.526070888997866,0.08154823326188376,,,0.9195640172319898
rfm_e50_md25_mfAUTO_mln5000_msl4_mss10_tdp50.yml,complete,50.0,25.0,AUTO,5000.0,4.0,10.0,50.0,finwhale,0:41:02.263415,0:00:20.719186,-0.002911199811464836,2.8555113856097685,15.67015202894707,7.51621523068435,0.0794176762343359,,,0.9191418503693984
rfm_e50_md25_mfAUTO_mln5000_msl4_mss10_tdp25.yml,complete,50.0,25.0,AUTO,5000.0,4.0,10.0,25.0,bristlecone,0:20:48.063877,0:00:21.559478,-0.0013467434157991565,2.8032088379212285,15.127349718746991,7.269371743465138,0.07883071584684376,,,0.9219427488689684
rfm_e100_md25_mfAUTO_mln5000_msl2_mss2_tdp50.yml,complete,100.0,25.0,AUTO,5000.0,2.0,2.0,50.0,bristlecone,1:29:30.409901,0:00:41.574642,-0.00206559305439217,2.848844138629837,15.645211485816937,7.529302826286021,0.08907035058189461,,,0.9192705654806432
rfm_e50_md100_mfAUTO_mln5000_msl1_mss2_tdp75.yml,complete,50.0,100.0,AUTO,5000.0,1.0,2.0,75.0,finwhale,1:06:34.315103,0:00:21.328899,-0.0007500798374480352,2.9076164697867144,16.36569346753873,7.911460494783579,0.08284942064427092,,,0.9155528919848162
rfm_e50_md60_mfAUTO_mln5000_msl8_mss5_tdp50.yml,complete,50.0,60.0,AUTO,5000.0,8.0,5.0,50.0,ocotal,0:51:43.707697,0:00:30.226151,-0.0014227749471465332,2.8730947262668463,15.925033599721123,7.670362317907295,0.0895313630831891,,,0.9178266927752547
rfm_e10_md25_mfAUTO_mln5000_msl8_mss5_tdp75.yml,complete,10.0,25.0,AUTO,5000.0,8.0,5.0,75.0,ocotal,0:17:37.714774,0:00:07.626894,-0.0006161601860329418,2.9379403956206582,16.78795078411956,8.156457395553224,0.08760418649870899,,,0.9133740419032492
rfm_e10_md100_mfAUTO_mln5000_msl2_mss5_tdp75.yml,complete,10.0,100.0,AUTO,5000.0,2.0,5.0,75.0,finwhale,0:15:42.684931,0:00:05.486868,-0.0003792898181719976,2.9575408771600107,17.057028513570792,8.309980617359242,0.07845988483711874,,,0.9119855999508588
rfm_e100_md100_mfSQRT_mln5000_msl2_mss2_tdp25.yml,complete,100.0,100.0,SQRT,5000.0,2.0,2.0,25.0,bristlecone,0:11:29.054907,0:00:45.142717,-0.0012605767249918097,3.1293575515367857,17.93389607691814,8.141018980611456,0.12544453507495834,,,0.9074609490718372
rfm_e100_md60_mfLOG2_mln5000_msl8_mss10_tdp75.yml,complete,100.0,60.0,LOG2,5000.0,8.0,10.0,75.0,ocotal,0:46:15.189875,0:00:59.117519,-0.0010202599841368225,3.1330990007048864,18.02809534367117,8.211787036383603,0.1274061499625767,,,0.9069748829537512
rfm_e100_md60_mfLOG2_mln5000_msl1_mss5_tdp50.yml,complete,100.0,60.0,LOG2,5000.0,1.0,5.0,50.0,finwhale,0:23:40.865853,0:00:41.717319,-0.0017564681598808733,3.1430714053905526,18.144802808846126,8.265908034642809,0.13257281631339213,,,0.9063726609807232
rfm_e100_md100_mfLOG2_mln5000_msl4_mss10_tdp25.yml,complete,100.0,100.0,LOG2,5000.0,4.0,10.0,25.0,bristlecone,0:11:35.104472,0:00:44.785501,-0.0011394521363625506,3.1290611914133977,17.93247595072655,8.14145330946827,0.12490059293035086,,,0.9074682784340178
rfm_e100_md25_mfLOG2_mln5000_msl1_mss2_tdp75.yml,complete,100.0,25.0,LOG2,5000.0,1.0,2.0,75.0,bristlecone,0:41:13.180974,0:00:43.900969,-0.0007540914839478957,3.1311799595120884,17.985737791196698,8.181450421000495,0.123249589210078,,,0.9071934506897033
rfm_e50_md60_mfSQRT_mln5000_msl2_mss10_tdp75.yml,complete,50.0,60.0,SQRT,5000.0,2.0,10.0,75.0,finwhale,0:18:40.633165,0:00:21.434783,-0.0010990143306040586,3.1571414307185712,18.319632798787246,8.35209199306005,0.12734064674092274,,,0.9054705465649806
rfm_e100_md25_mfLOG2_mln5000_msl8_mss5_tdp25.yml,complete,100.0,25.0,LOG2,5000.0,8.0,5.0,25.0,ocotal,0:12:49.606992,0:00:55.707239,-0.0035896673186004147,3.1351698654411466,18.052561248403574,8.223284048944679,0.1264568120134113,,,0.9068485775765812
rfm_e50_md100_mfSQRT_mln5000_msl2_mss5_tdp25.yml,complete,50.0,100.0,SQRT,5000.0,2.0,5.0,25.0,finwhale,0:05:28.437253,0:00:21.228905,-0.0010999108867740801,3.1590129497157644,18.27996350918288,8.300601902514966,0.12949004595623734,,,0.9056752403965675
rfm_e50_md60_mfLOG2_mln5000_msl1_mss5_tdp50.yml,complete,50.0,60.0,LOG2,5000.0,1.0,5.0,50.0,finwhale,0:11:56.686689,0:00:21.323057,-0.001934410386015452,3.155228103012788,18.28415300613489,8.328692366036796,0.1310484065154992,,,0.9056536094939706
rfm_e50_md25_mfLOG2_mln5000_msl1_mss5_tdp25.yml,complete,50.0,25.0,LOG2,5000.0,1.0,5.0,25.0,ocotal,0:06:45.723070,0:00:30.122697,-0.003214131479983393,3.1425103003418253,18.102803047636662,8.227442390523377,0.12984501135265392,,,0.906589342687392
rfm_e50_md25_mfSQRT_mln5000_msl8_mss2_tdp25.yml,complete,50.0,25.0,SQRT,5000.0,8.0,2.0,25.0,bristlecone,0:05:45.823848,0:00:22.830330,-0.0012340737439493381,3.1506242743483286,18.16259464732106,8.236162852146053,0.11976681321254645,,,0.9062808630175052
rfm_e10_md25_mfLOG2_mln5000_msl2_mss10_tdp25.yml,complete,10.0,25.0,LOG2,5000.0,2.0,10.0,25.0,ocotal,0:01:24.100012,0:00:07.484039,-0.003555746782694783,3.264066266034115,19.575412201549906,8.92129625582321,0.14586824438897628,,,0.8989906561082698
rfm_e10_md25_mfSQRT_mln5000_msl1_mss5_tdp75.yml,complete,10.0,25.0,SQRT,5000.0,1.0,5.0,75.0,finwhale,0:04:27.384674,0:00:05.589115,-0.0015300678868425154,3.2452066794894354,19.419264595925828,8.88790054443066,0.13713242741317688,,,0.8997964321228689
rfm_e10_md100_mfLOG2_mln5000_msl4_mss2_tdp75.yml,complete,10.0,100.0,LOG2,5000.0,4.0,2.0,75.0,ocotal,0:05:00.380566,0:00:07.228565,-0.000584008046814079,3.2340435711351407,19.31310117326072,8.854063694325559,0.1457346387307603,,,0.9003442465267262
rfm_e10_md100_mfSQRT_mln5000_msl8_mss10_tdp25.yml,complete,10.0,100.0,SQRT,5000.0,8.0,10.0,25.0,bristlecone,0:01:10.008776,0:00:05.167596,-0.001289757425143742,3.233959845727255,19.308485276861933,8.849990656559957,0.1381410137668322,,,0.9003680577642734
rfm_e10_md60_mfSQRT_mln5000_msl8_mss5_tdp25.yml,complete,10.0,60.0,SQRT,5000.0,8.0,5.0,25.0,bristlecone,0:01:10.308509,0:00:05.065993,-0.0012897574251436307,3.233959845727255,19.308485276861933,8.849990656559957,0.1381410137668322,,,0.9003680577642734
rfm_e10_md60_mfLOG2_mln5000_msl4_mss2_tdp50.yml,complete,10.0,60.0,LOG2,5000.0,4.0,2.0,50.0,finwhale,0:02:52.430560,0:00:05.482072,-0.0025285842820298287,3.258607144287715,19.55298248139517,8.934468354330773,0.1560226476715324,,,0.8991064258860458
rfm_e100_md12_mfAUTO_mln50000_msl8_mss2_tdp25.yml,complete,100.0,12.0,AUTO,50000.0,8.0,2.0,25.0,ocotal,0:35:57.057683,0:00:48.430156,-0.0023483439324970892,3.7673373193078152,27.41941096836627,13.226586005636122,0.13194544850258616,,,0.8585155984712003
rfm_e50_md12_mfAUTO_mln10000_msl8_mss5_tdp50.yml,complete,50.0,12.0,AUTO,10000.0,8.0,5.0,50.0,bristlecone,0:34:21.738223,0:00:16.665676,-0.0014088698915225453,4.16554693405844,32.53383811815831,15.182058843229113,0.15487551634907692,,,0.8321251329598343
rfm_e100_md12_mfAUTO_mln50000_msl4_mss2_tdp50.yml,complete,100.0,12.0,AUTO,50000.0,4.0,2.0,50.0,finwhale,1:07:12.801018,0:00:34.650365,-0.0012229070487355805,3.729411291434898,26.68055600374541,12.772048918564932,0.12395630782901912,,,0.862328116553307
rfm_e100_md12_mfAUTO_mln10000_msl1_mss5_tdp50.yml,complete,100.0,12.0,AUTO,10000.0,1.0,5.0,50.0,bristlecone,1:07:41.432182,0:00:32.776918,-0.001344951555712172,4.1693564691767016,32.626086544356,15.242554986184988,0.1571352264008663,,,0.8316491312740745
rfm_e50_md12_mfAUTO_mln5000_msl1_mss5_tdp75.yml,complete,50.0,12.0,AUTO,5000.0,1.0,5.0,75.0,ocotal,1:07:43.857492,0:00:25.756345,-0.0004559605595899293,3.796888858145584,27.962239876193532,13.545875082983557,0.14105239950212614,,,0.8557146244835987
rfm_e10_md12_mfAUTO_mln50000_msl1_mss10_tdp75.yml,complete,10.0,12.0,AUTO,50000.0,1.0,10.0,75.0,finwhale,0:13:09.771805,0:00:04.577796,0.00028263826988116943,3.8032035645197366,28.11151256647072,13.647155293179452,0.13773482755578306,,,0.8549443769056005
rfm_e10_md12_mfAUTO_mln10000_msl8_mss10_tdp75.yml,complete,10.0,12.0,AUTO,10000.0,8.0,10.0,75.0,finwhale,0:13:07.190814,0:00:04.588627,0.00031383147032023044,3.803390081941585,28.11613109596551,13.650355079044125,0.13776299395751046,,,0.8549205451616109
rfm_e10_md12_mfAUTO_mln10000_msl8_mss5_tdp25.yml,complete,10.0,12.0,AUTO,10000.0,8.0,5.0,25.0,finwhale,0:03:57.487708,0:00:04.582720,0.00034126399526714736,3.756789662823284,27.23245486863608,13.118986414401276,0.13626411754680667,,,0.8594803212496058
rfm_e10_md12_mfAUTO_mln10000_msl2_mss5_tdp50.yml,complete,10.0,12.0,AUTO,10000.0,2.0,5.0,50.0,finwhale,0:08:25.910799,0:00:04.581553,-0.0013340011850676429,3.770278189741591,27.32601144418875,13.11101559570675,0.12543910203689151,,,0.8589975600131742
rfm_e50_md12_mfAUTO_mln50000_msl4_mss10_tdp75.yml,complete,50.0,12.0,AUTO,50000.0,4.0,10.0,75.0,bristlecone,0:54:55.286070,0:00:16.201852,0.0008206488621316973,4.19522443965048,32.9716832543159,15.371775828739688,0.16082873032993072,,,0.829865855431442
rfm_e100_md60_mfAUTO_mln1000_msl2_mss5_tdp25.yml,complete,100.0,60.0,AUTO,1000.0,2.0,5.0,25.0,ocotal,0:36:06.910413,0:00:47.505094,-0.0010816743011961552,4.230030406631848,31.97179606811277,14.078639997101927,0.2116526553476783,,,0.8350252784982609
rfm_e100_md25_mfAUTO_mln1000_msl1_mss10_tdp50.yml,complete,100.0,25.0,AUTO,1000.0,1.0,10.0,50.0,finwhale,1:07:07.642537,0:00:31.068582,-0.001404207027743735,4.222923686097149,31.870558479242767,14.03747599243976,0.20662534178726188,,,0.8355476611041498
rfm_e10_md60_mfAUTO_mln1000_msl2_mss2_tdp25.yml,complete,10.0,60.0,AUTO,1000.0,2.0,2.0,25.0,ocotal,0:04:22.993599,0:00:06.195823,-0.0017191188122402776,4.246568502182757,32.28316842132063,14.24982733295952,0.2016454248511077,,,0.833418585530428
rfm_e100_md100_mfAUTO_mln1000_msl8_mss10_tdp50.yml,complete,100.0,100.0,AUTO,1000.0,8.0,10.0,50.0,ocotal,1:19:39.199714,0:00:45.205501,0.0002537405373432629,4.2447093298930225,32.280170830585014,14.262613599688391,0.2224041978113973,,,0.8334340680393587
rfm_e100_md25_mfAUTO_mln1000_msl8_mss5_tdp75.yml,complete,100.0,25.0,AUTO,1000.0,8.0,5.0,75.0,bristlecone,1:56:12.997602,0:00:31.430900,0.0010762931920639254,4.256127128233975,32.36128676813976,14.246669794857512,0.2140099598155845,,,0.8330155035278342
rfm_e10_md100_mfAUTO_mln1000_msl8_mss2_tdp75.yml,complete,10.0,100.0,AUTO,1000.0,8.0,2.0,75.0,finwhale,0:13:00.879553,0:00:04.176326,8.761303978737972e-05,4.330022174523562,33.80025947509501,15.051167450905213,0.2068797974718497,,,0.8255903991469677
rfm_e10_md60_mfAUTO_mln1000_msl1_mss10_tdp50.yml,complete,10.0,60.0,AUTO,1000.0,1.0,10.0,50.0,finwhale,0:08:41.047744,0:00:04.176087,-0.0014715628706394221,4.250713085435439,32.32444619437847,14.255886625183699,0.20830704433368352,,,0.8332055959773309
rfm_e100_md60_mfAUTO_mln1000_msl8_mss5_tdp75.yml,complete,100.0,60.0,AUTO,1000.0,8.0,5.0,75.0,finwhale,1:45:16.475323,0:00:30.977119,-0.00014858842605452926,4.274676361166769,32.82674875668271,14.553890786043345,0.20485536627963088,,,0.8306137219234999
rfm_e50_md12_mfSQRT_mln10000_msl8_mss2_tdp75.yml,complete,50.0,12.0,SQRT,10000.0,8.0,2.0,75.0,ocotal,0:19:29.586229,0:00:26.192143,-0.0007100858227547772,4.337382120210016,32.940519358712024,14.127636206216366,0.3331931513930924,,,0.8300266622475443
rfm_e100_md12_mfAUTO_mln1000_msl1_mss5_tdp75.yml,complete,100.0,12.0,AUTO,1000.0,1.0,5.0,75.0,ocotal,2:00:41.738140,0:00:44.326287,-0.0007120754414129492,4.368494641207882,34.3015385512636,15.217793628053125,0.21166700775811176,,,0.8230037926526897
rfm_e50_md12_mfLOG2_mln50000_msl4_mss5_tdp75.yml,complete,50.0,12.0,LOG2,50000.0,4.0,5.0,75.0,bristlecone,0:15:16.513311,0:00:17.499417,-0.00013658793405641658,4.742780712879844,38.98410314302491,16.490134271216178,0.407371283562927,,,0.7988417255936154
rfm_e50_md12_mfLOG2_mln5000_msl4_mss2_tdp50.yml,complete,50.0,12.0,LOG2,5000.0,4.0,2.0,50.0,bristlecone,0:09:40.594462,0:00:17.624902,-0.00019502533927390813,4.7349404845881455,38.89716985294819,16.477508498391185,0.4086435559715813,,,0.7992903019440738
rfm_e50_md12_mfLOG2_mln10000_msl2_mss5_tdp25.yml,complete,50.0,12.0,LOG2,10000.0,2.0,5.0,25.0,bristlecone,0:04:25.311253,0:00:17.816720,-4.171183516762036e-05,4.750988812451227,38.919567786971065,16.347673092674192,0.4023685982091239,,,0.7991747286182334
rfm_e10_md12_mfAUTO_mln1000_msl1_mss5_tdp50.yml,complete,10.0,12.0,AUTO,1000.0,1.0,5.0,50.0,finwhale,0:08:12.875784,0:00:04.081796,-0.0015688042456201482,4.324720185256527,33.42370362104289,14.72050140142443,0.20154443851990955,,,0.8275334176119213
rfm_e100_md12_mfLOG2_mln5000_msl2_mss5_tdp25.yml,complete,100.0,12.0,LOG2,5000.0,2.0,5.0,25.0,bristlecone,0:08:42.775783,0:00:35.612021,4.4992669236352105e-05,4.779926114346407,39.44830342701663,16.600609770430093,0.4200405647323543,,,0.7964464486169012
rfm_e100_md12_mfSQRT_mln10000_msl2_mss2_tdp75.yml,complete,100.0,12.0,SQRT,10000.0,2.0,2.0,75.0,finwhale,0:29:15.505549,0:00:35.478692,-0.00015486634763972525,4.386309867559037,33.690180781623866,14.450466551361638,0.3428744919176758,,,0.8261584059741441
rfm_e100_md12_mfSQRT_mln5000_msl4_mss2_tdp50.yml,complete,100.0,12.0,SQRT,5000.0,4.0,2.0,50.0,bristlecone,0:19:07.949061,0:00:34.886935,-0.0004127654971278793,4.769621131820852,39.364978117978,16.615692547241405,0.4221907746013016,,,0.7968764069885438
rfm_e10_md12_mfAUTO_mln1000_msl8_mss10_tdp75.yml,complete,10.0,12.0,AUTO,1000.0,8.0,10.0,75.0,bristlecone,0:10:42.880564,0:00:03.615272,0.0007842380653333362,4.472459394342018,35.9081950434362,15.905302624427387,0.2149107225613616,,,0.8147134321457549
rfm_e10_md12_mfSQRT_mln10000_msl8_mss10_tdp25.yml,complete,10.0,12.0,SQRT,10000.0,8.0,10.0,25.0,finwhale,0:01:04.463623,0:00:04.678921,-0.0008739594326166834,4.535500171279465,36.16777453620949,15.597013496338649,0.3271191603178063,,,0.81337399918385
rfm_e10_md12_mfLOG2_mln50000_msl2_mss2_tdp25.yml,complete,10.0,12.0,LOG2,50000.0,2.0,2.0,25.0,finwhale,0:01:04.931393,0:00:04.683992,-0.0008791914226099781,4.535179909882294,36.20622783666379,15.638371794641314,0.3280254241076368,,,0.8131755798081979
rfm_e10_md12_mfSQRT_mln5000_msl8_mss2_tdp25.yml,complete,10.0,12.0,SQRT,5000.0,8.0,2.0,25.0,finwhale,0:01:04.082372,0:00:04.582909,-0.0008598682269357892,4.535940082658668,36.171925478706,15.597173784609835,0.3273228918917286,,,0.8133525804144711
rfm_e50_md100_mfLOG2_mln1000_msl8_mss10_tdp75.yml,complete,50.0,100.0,LOG2,1000.0,8.0,10.0,75.0,bristlecone,0:16:56.966349,0:00:17.669838,-0.00016525814476371967,4.524828997193526,35.154168318391235,14.680090891858182,0.3278345505241652,,,0.8186042189226586
rfm_e50_md25_mfSQRT_mln1000_msl4_mss2_tdp25.yml,complete,50.0,25.0,SQRT,1000.0,4.0,2.0,25.0,finwhale,0:04:32.714179,0:00:16.520989,0.00014359505962521036,4.548446627667551,35.507213324586466,14.818846620465667,0.33799952127289057,,,0.8167825039894301
rfm_e100_md60_mfLOG2_mln1000_msl4_mss10_tdp50.yml,complete,100.0,60.0,LOG2,1000.0,4.0,10.0,50.0,finwhale,0:19:08.811554,0:00:31.942308,-0.0006415526471473907,4.548390690091859,35.4963659988384,14.808508540713898,0.3413257240617968,,,0.8168384742569371
rfm_e100_md60_mfLOG2_mln1000_msl8_mss5_tdp50.yml,complete,100.0,60.0,LOG2,1000.0,8.0,5.0,50.0,bristlecone,0:21:01.376797,0:00:34.803318,-0.0007518849481987468,4.533978681399964,35.33510427497899,14.778142156920381,0.3350647911296885,,,0.8176705852083819
rfm_e100_md25_mfLOG2_mln1000_msl8_mss2_tdp75.yml,complete,100.0,25.0,LOG2,1000.0,8.0,2.0,75.0,ocotal,0:37:34.408318,0:00:46.925173,-0.0009384120347019863,4.539020898989068,35.35056582917467,14.747855988332093,0.340043526547781,,,0.8175908018420399
rfm_e50_md25_mfLOG2_mln1000_msl8_mss2_tdp25.yml,complete,50.0,25.0,LOG2,1000.0,8.0,2.0,25.0,finwhale,0:04:33.162157,0:00:16.630230,0.00014913533586461886,4.54852710790732,35.508663682019915,14.819564852893482,0.3380802782557467,,,0.8167750201254663
rfm_e100_md60_mfSQRT_mln1000_msl2_mss10_tdp25.yml,complete,100.0,60.0,SQRT,1000.0,2.0,10.0,25.0,finwhale,0:08:56.098799,0:00:32.248151,8.492237418836204e-05,4.543412882784719,35.38868592518227,14.746085308939895,0.33550579564173466,,,0.8173941063580216
rfm_e50_md25_mfSQRT_mln1000_msl4_mss5_tdp50.yml,complete,50.0,25.0,SQRT,1000.0,4.0,5.0,50.0,bristlecone,0:10:35.815139,0:00:18.229471,-0.0004404862267016099,4.546210431350469,35.53430642542993,14.866277333338225,0.33566210637896066,,,0.8166427024843407
rfm_e100_md60_mfLOG2_mln1000_msl4_mss10_tdp75.yml,complete,100.0,60.0,LOG2,1000.0,4.0,10.0,75.0,finwhale,0:30:10.328512,0:00:32.052638,-0.00016161273139665044,4.536162927240032,35.36261631738532,14.7858422410373,0.3340250899120747,,,0.8175286256387099
rfm_e50_md100_mfSQRT_mln1000_msl1_mss10_tdp50.yml,complete,50.0,100.0,SQRT,1000.0,1.0,10.0,50.0,bristlecone,0:10:40.584050,0:00:17.840142,-0.0004358282304522228,4.546151379611998,35.535702482526624,14.868210306124935,0.3356016145942409,,,0.8166354988399652
rfm_e100_md100_mfLOG2_mln1000_msl1_mss10_tdp75.yml,complete,100.0,100.0,LOG2,1000.0,1.0,10.0,75.0,bristlecone,0:33:50.879752,0:00:34.049142,-0.00024007462079668232,4.535989275723535,35.288563730540744,14.713365078697569,0.3331662466130079,,,0.8179107373980413
rfm_e50_md25_mfSQRT_mln1000_msl2_mss5_tdp25.yml,complete,50.0,25.0,SQRT,1000.0,2.0,5.0,25.0,ocotal,0:05:29.823998,0:00:24.988598,-0.0025770316560580803,4.5222729026637225,35.190917609385664,14.739972044311322,0.3255116571339136,,,0.8184145581691866
rfm_e50_md60_mfLOG2_mln1000_msl2_mss5_tdp75.yml,complete,50.0,60.0,LOG2,1000.0,2.0,5.0,75.0,ocotal,0:19:44.287431,0:00:25.326288,-0.000655122623762888,4.535990180648176,35.391299337189174,14.81609284743817,0.3281919105019517,,,0.8173806189544248
rfm_e10_md25_mfSQRT_mln1000_msl2_mss5_tdp25.yml,complete,10.0,25.0,SQRT,1000.0,2.0,5.0,25.0,finwhale,0:01:06.425558,0:00:04.382269,-0.001989179296297557,4.6593732138035175,37.56464558387665,15.854890795201152,0.3496566185094221,,,0.8061661172773242
rfm_e10_md25_mfSQRT_mln1000_msl4_mss10_tdp75.yml,complete,10.0,25.0,SQRT,1000.0,4.0,10.0,75.0,finwhale,0:03:40.839884,0:00:04.283163,-0.0008343282472700824,4.618470361617592,36.857830177447966,15.527562392411447,0.330719808254067,,,0.8098133070770831
rfm_e10_md60_mfLOG2_mln1000_msl8_mss5_tdp50.yml,complete,10.0,60.0,LOG2,1000.0,8.0,5.0,50.0,finwhale,0:02:19.835545,0:00:04.380184,-0.0014634265784303356,4.615518148868,36.71564688167433,15.412641240761669,0.33053225094374783,,,0.8105469665262075
rfm_e10_md25_mfLOG2_mln1000_msl2_mss5_tdp75.yml,complete,10.0,25.0,LOG2,1000.0,2.0,5.0,75.0,finwhale,0:03:45.031800,0:00:04.584454,-0.0008343282472700859,4.618470361617592,36.857830177447966,15.527562392411447,0.3307198082540668,,,0.8098133070770833
rfm_e10_md100_mfLOG2_mln1000_msl1_mss2_tdp50.yml,complete,10.0,100.0,LOG2,1000.0,1.0,2.0,50.0,finwhale,0:02:24.206157,0:00:04.473636,-0.001463426578430473,4.615518148868,36.71564688167433,15.412641240761669,0.3305322509437465,,,0.8105469665262075
rfm_e10_md100_mfSQRT_mln1000_msl4_mss5_tdp75.yml,complete,10.0,100.0,SQRT,1000.0,4.0,5.0,75.0,finwhale,0:03:37.781779,0:00:04.389602,-0.0008343282472700859,4.618470361617592,36.857830177447966,15.527562392411447,0.330719808254067,,,0.8098133070770833
rfm_e50_md12_mfSQRT_mln50000_msl1_mss10_tdp50.yml,complete,50.0,12.0,SQRT,50000.0,1.0,10.0,50.0,ocotal,0:12:23.546019,0:00:27.318108,-0.0012068871924492055,4.34186321034674,33.00832527971935,14.1565505989335,0.317830758942532,,,0.8296767782555525
rfm_e50_md12_mfSQRT_mln1000_msl2_mss10_tdp75.yml,complete,50.0,12.0,SQRT,1000.0,2.0,10.0,75.0,finwhale,0:14:15.539677,0:00:16.501041,-0.000117574796969573,4.7490296365536935,38.74738789202747,16.19410541698599,0.3915241489510528,,,0.8000631781480304
rfm_e100_md12_mfLOG2_mln1000_msl4_mss10_tdp50.yml,complete,100.0,12.0,LOG2,1000.0,4.0,10.0,50.0,bristlecone,0:18:55.586381,0:00:33.473653,-0.00037143527440624,4.910321609799573,41.41479041036045,17.303532236660008,0.4371046033039405,,,0.786299359842871
rfm_e50_md12_mfSQRT_mln10000_msl2_mss2_tdp25.yml,complete,50.0,12.0,SQRT,10000.0,2.0,2.0,25.0,ocotal,0:05:24.167662,0:00:27.284161,-0.003353409781381695,4.34633568943865,33.02384872971411,14.133226049783234,0.3095616336122986,,,0.8295966266231036
rfm_e100_md12_mfLOG2_mln50000_msl2_mss2_tdp50.yml,complete,100.0,12.0,LOG2,50000.0,2.0,2.0,50.0,finwhale,0:18:49.690289,0:00:34.463762,-0.00044462112196206563,4.386529050307043,33.71311086159676,14.471473950097074,0.3386995796282042,,,0.8260400856874804
rfm_e100_md12_mfLOG2_mln50000_msl1_mss2_tdp75.yml,complete,100.0,12.0,LOG2,50000.0,1.0,2.0,75.0,ocotal,0:36:54.444357,0:00:47.996257,-0.0009075964010761627,4.3749936429977785,33.41819569098101,14.277627138441167,0.3394149330527205,,,0.8275618470227989
rfm_e10_md12_mfSQRT_mln5000_msl4_mss2_tdp25.yml,complete,10.0,12.0,SQRT,5000.0,4.0,2.0,25.0,bristlecone,0:00:53.610880,0:00:04.038652,0.0003232077951043985,4.84640557556775,40.86870648191504,17.381059583484106,0.37108092322380215,,,0.7891171573181789
rfm_e10_md12_mfLOG2_mln1000_msl8_mss2_tdp50.yml,complete,10.0,12.0,LOG2,1000.0,8.0,2.0,50.0,bristlecone,0:01:55.358151,0:00:03.894028,-0.0002589173478461937,5.052570832047136,43.9049876091113,18.376515663296058,0.43235681138463705,,,0.7734499233664828
rfm_e50_md12_mfSQRT_mln1000_msl2_mss2_tdp50.yml,complete,50.0,12.0,SQRT,1000.0,2.0,2.0,50.0,bristlecone,0:09:31.887297,0:00:17.206692,-0.0001229637306170879,4.8838538025863985,41.02353389201459,17.17150594209702,0.4246688799792981,,,0.7883182471433029
rfm_e10_md12_mfSQRT_mln10000_msl8_mss5_tdp75.yml,complete,10.0,12.0,SQRT,10000.0,8.0,5.0,75.0,finwhale,0:03:37.015240,0:00:04.680979,-0.0007305121019972041,4.511420314529693,35.791877584610546,15.438964863907108,0.314207524243872,,,0.8153136315545809
rfm_e100_md12_mfLOG2_mln1000_msl2_mss2_tdp75.yml,complete,100.0,12.0,LOG2,1000.0,2.0,2.0,75.0,finwhale,0:28:10.665972,0:00:31.258346,-8.171615980268003e-05,4.742549425519369,38.65757754398248,16.165802497166126,0.4033194220161789,,,0.8005266002767675
rfm_e50_md100_mfAUTO_mln50000_msl8_mss2_tdp50.yml,complete,50.0,100.0,AUTO,50000.0,8.0,2.0,50.0,ocotal,1:03:06.441673,0:00:39.085554,-0.001834084583654937,1.161263263952063,3.011931521185513,1.6634025168471804,0.008611517404172986,,,0.9844583926533176
rfm_e50_md60_mfAUTO_mln50000_msl2_mss2_tdp50.yml,complete,50.0,60.0,AUTO,50000.0,2.0,2.0,50.0,finwhale,0:49:34.116108,0:00:29.061807,-0.0025703619938698265,1.158409939476874,2.9345113232971203,1.5926043421790816,0.008215585475058962,,,0.9848578647409986
rfm_e50_md25_mfAUTO_mln50000_msl1_mss10_tdp25.yml,complete,50.0,25.0,AUTO,50000.0,1.0,10.0,25.0,bristlecone,0:22:17.914617,0:00:30.662089,-0.0025802761333375284,1.1879894286479902,3.208540898042775,1.7972286732883131,0.011862000831486141,,,0.9834438697483344
rfm_e50_md100_mfAUTO_mln50000_msl4_mss5_tdp75.yml,complete,50.0,100.0,AUTO,50000.0,4.0,5.0,75.0,finwhale,1:17:47.945455,0:00:28.964219,-0.00118789782525717,1.1810909344463325,3.0795853116796845,1.6846109273496268,0.008486435571958717,,,0.9841093086463936
rfm_e10_md60_mfAUTO_mln50000_msl4_mss2_tdp50.yml,complete,10.0,60.0,AUTO,50000.0,4.0,2.0,50.0,ocotal,0:13:22.338803,0:00:08.821314,-0.0021623167158563053,1.201551662167329,3.2228967719246664,1.7791750506811743,0.008255907975556642,,,0.9833698035560844
rfm_e10_md60_mfAUTO_mln50000_msl4_mss10_tdp75.yml,complete,10.0,60.0,AUTO,50000.0,4.0,10.0,75.0,bristlecone,0:16:55.229715,0:00:06.155934,-0.0010770205361262538,1.2041083889080242,3.2040388566054663,1.7541630043400327,0.007820938755046747,,,0.9834671286859952
rfm_e10_md25_mfAUTO_mln50000_msl1_mss5_tdp75.yml,complete,10.0,25.0,AUTO,50000.0,1.0,5.0,75.0,ocotal,0:20:07.429883,0:00:08.879777,-0.0009270053393205287,1.2443412335560102,3.4543993186127167,1.906015072423928,0.01197588650221898,,,0.9821752683132422
rfm_e50_md60_mfLOG2_mln50000_msl2_mss10_tdp50.yml,complete,50.0,60.0,LOG2,50000.0,2.0,10.0,50.0,bristlecone,0:15:16.313560,0:00:31.832144,-0.004245389077695086,1.4395154972638202,4.42265419961122,2.3504673560769342,0.02452984076125464,,,0.9771789770578572
rfm_e50_md100_mfLOG2_mln50000_msl2_mss2_tdp50.yml,complete,50.0,100.0,LOG2,50000.0,2.0,2.0,50.0,ocotal,0:18:50.599292,0:00:40.255997,-0.0036550081918282702,1.4458044085926414,4.446052476149691,2.355715447328657,0.02636723500435134,,,0.9770582658371356
rfm_e50_md60_mfLOG2_mln50000_msl4_mss5_tdp25.yml,complete,50.0,60.0,LOG2,50000.0,4.0,5.0,25.0,bristlecone,0:06:53.914325,0:00:32.219894,-0.005628885748295627,1.4575565736461582,4.5603105136299344,2.435871032605573,0.025474872695759317,,,0.9764685989198048
rfm_e50_md25_mfLOG2_mln50000_msl1_mss10_tdp75.yml,complete,50.0,25.0,LOG2,50000.0,1.0,10.0,75.0,bristlecone,0:24:33.861660,0:00:31.834259,-0.0021112789737281965,1.5226988761553262,5.043943054024783,2.7253356440790006,0.03265636420617478,,,0.9739731917544332
rfm_e50_md25_mfSQRT_mln50000_msl1_mss10_tdp75.yml,in progress ocotal,50.0,25.0,SQRT,50000.0,1.0,10.0,75.0,,,,,,,,,,,
rfm_e10_md60_mfSQRT_mln50000_msl1_mss2_tdp50.yml,complete,10.0,60.0,SQRT,50000.0,1.0,2.0,50.0,bristlecone,0:03:10.042428,0:00:06.970674,-0.00392043088745808,1.5426441413690015,5.076714450095731,2.696978872973942,0.028649035826584512,,,0.9738040347893112
rfm_e10_md100_mfSQRT_mln50000_msl2_mss10_tdp75.yml,complete,10.0,100.0,SQRT,50000.0,2.0,10.0,75.0,bristlecone,0:05:02.251802,0:00:06.749974,-0.002692543745338331,1.5497108259238819,5.122352336122665,2.7207559419287994,0.02778871209096456,,,0.9735685848429526
rfm_e10_md100_mfSQRT_mln50000_msl2_mss2_tdp25.yml,complete,10.0,100.0,SQRT,50000.0,2.0,2.0,25.0,finwhale,0:01:32.848065,0:00:07.885545,-0.005165623204130691,1.5783844398993527,5.336845641311314,2.8455748848580265,0.029202848923416725,,,0.9724616974471204
rfm_e10_md60_mfSQRT_mln50000_msl4_mss5_tdp50.yml,complete,10.0,60.0,SQRT,50000.0,4.0,5.0,50.0,finwhale,0:03:31.385966,0:00:07.793608,-0.0043297355681797545,1.540837186988104,5.065993869865544,2.6918333796702014,0.029910293658721776,,,0.973859335641896
rfm_e10_md100_mfLOG2_mln50000_msl8_mss5_tdp25.yml,complete,10.0,100.0,LOG2,50000.0,8.0,5.0,25.0,bristlecone,0:01:22.944507,0:00:07.253030,-0.004872008308164885,1.5633693396921575,5.328185031049097,2.8840850752245317,0.0291414734400286,,,0.9725064014707512
rfm_e10_md25_mfLOG2_mln50000_msl4_mss2_tdp75.yml,complete,10.0,25.0,LOG2,50000.0,4.0,2.0,75.0,bristlecone,0:04:55.430102,0:00:06.779503,-0.001917916276473612,1.6300465796806263,5.757153260507007,3.10010508698136,0.03712321436249688,,,0.970293025582382
rfm_e10_md25_mfSQRT_mln50000_msl8_mss10_tdp50.yml,in progress finwhale,10.0,25.0,SQRT,50000.0,8.0,10.0,50.0,,,,,,,,,,,
rfm_e50_md100_mfAUTO_mln10000_msl2_mss10_tdp25.yml,in progress bristlecone,50.0,100.0,AUTO,10000.0,2.0,10.0,25.0,,,,,,,,,,,
rfm_e50_md60_mfAUTO_mln10000_msl1_mss10_tdp50.yml,not run,50.0,60.0,AUTO,10000.0,1.0,10.0,50.0,,,,,,,,,,,
rfm_e10_md25_mfAUTO_mln10000_msl8_mss10_tdp25.yml,not run,10.0,25.0,AUTO,10000.0,8.0,10.0,25.0,,,,,,,,,,,
rfm_e100_md60_mfAUTO_mln10000_msl2_mss10_tdp50.yml,not run,100.0,60.0,AUTO,10000.0,2.0,10.0,50.0,,,,,,,,,,,
rfm_e100_md60_mfAUTO_mln10000_msl8_mss10_tdp75.yml,not run,100.0,60.0,AUTO,10000.0,8.0,10.0,75.0,,,,,,,,,,,
rfm_e10_md60_mfAUTO_mln10000_msl2_mss2_tdp50.yml,not run,10.0,60.0,AUTO,10000.0,2.0,2.0,50.0,,,,,,,,,,,
rfm_e100_md60_mfAUTO_mln10000_msl1_mss5_tdp75.yml,not run,100.0,60.0,AUTO,10000.0,1.0,5.0,75.0,,,,,,,,,,,
rfm_e10_md25_mfAUTO_mln10000_msl4_mss10_tdp75.yml,not run,10.0,25.0,AUTO,10000.0,4.0,10.0,75.0,,,,,,,,,,,
rfm_e100_md60_mfSQRT_mln10000_msl2_mss5_tdp75.yml,not run,100.0,60.0,SQRT,10000.0,2.0,5.0,75.0,,,,,,,,,,,
rfm_e100_md100_mfLOG2_mln10000_msl4_mss10_tdp50.yml,not run,100.0,100.0,LOG2,10000.0,4.0,10.0,50.0,,,,,,,,,,,
rfm_e100_md100_mfLOG2_mln10000_msl4_mss10_tdp75.yml,not run,100.0,100.0,LOG2,10000.0,4.0,10.0,75.0,,,,,,,,,,,
rfm_e100_md100_mfSQRT_mln10000_msl1_mss2_tdp25.yml,not run,100.0,100.0,SQRT,10000.0,1.0,2.0,25.0,,,,,,,,,,,
rfm_e50_md100_mfLOG2_mln10000_msl8_mss2_tdp75.yml,not run,50.0,100.0,LOG2,10000.0,8.0,2.0,75.0,,,,,,,,,,,
rfm_e50_md100_mfLOG2_mln10000_msl4_mss5_tdp50.yml,not run,50.0,100.0,LOG2,10000.0,4.0,5.0,50.0,,,,,,,,,,,
rfm_e50_md60_mfSQRT_mln10000_msl1_mss5_tdp50.yml,not run,50.0,60.0,SQRT,10000.0,1.0,5.0,50.0,,,,,,,,,,,
rfm_e50_md100_mfSQRT_mln10000_msl8_mss10_tdp50.yml,not run,50.0,100.0,SQRT,10000.0,8.0,10.0,50.0,,,,,,,,,,,
rfm_e50_md100_mfSQRT_mln10000_msl4_mss5_tdp75.yml,not run,50.0,100.0,SQRT,10000.0,4.0,5.0,75.0,,,,,,,,,,,
rfm_e50_md60_mfSQRT_mln10000_msl8_mss2_tdp25.yml,not run,50.0,60.0,SQRT,10000.0,8.0,2.0,25.0,,,,,,,,,,,
rfm_e50_md25_mfSQRT_mln10000_msl4_mss10_tdp25.yml,not run,50.0,25.0,SQRT,10000.0,4.0,10.0,25.0,,,,,,,,,,,
rfm_e10_md60_mfLOG2_mln10000_msl4_mss2_tdp25.yml,not run,10.0,60.0,LOG2,10000.0,4.0,2.0,25.0,,,,,,,,,,,
rfm_e10_md60_mfLOG2_mln10000_msl8_mss10_tdp75.yml,not run,10.0,60.0,LOG2,10000.0,8.0,10.0,75.0,,,,,,,,,,,
rfm_e10_md25_mfLOG2_mln10000_msl2_mss10_tdp75.yml,not run,10.0,25.0,LOG2,10000.0,2.0,10.0,75.0,,,,,,,,,,,
rfm_e10_md60_mfSQRT_mln10000_msl8_mss10_tdp50.yml,not run,10.0,60.0,SQRT,10000.0,8.0,10.0,50.0,,,,,,,,,,,
rfm_e10_md100_mfSQRT_mln10000_msl8_mss2_tdp75.yml,not run,10.0,100.0,SQRT,10000.0,8.0,2.0,75.0,,,,,,,,,,,
rfm_e100_md100_mfAUTO_mln5000_msl8_mss10_tdp25.yml,not run,100.0,100.0,AUTO,5000.0,8.0,10.0,25.0,,,,,,,,,,,
rfm_e50_md60_mfAUTO_mln5000_msl1_mss2_tdp25.yml,not run,50.0,60.0,AUTO,5000.0,1.0,2.0,25.0,,,,,,,,,,,
rfm_e100_md100_mfAUTO_mln5000_msl4_mss5_tdp50.yml,not run,100.0,100.0,AUTO,5000.0,4.0,5.0,50.0,,,,,,,,,,,
rfm_e10_md25_mfAUTO_mln5000_msl8_mss10_tdp25.yml,not run,10.0,25.0,AUTO,5000.0,8.0,10.0,25.0,,,,,,,,,,,
rfm_e10_md60_mfAUTO_mln5000_msl1_mss2_tdp25.yml,not run,10.0,60.0,AUTO,5000.0,1.0,2.0,25.0,,,,,,,,,,,
rfm_e100_md60_mfAUTO_mln5000_msl8_mss5_tdp50.yml,not run,100.0,60.0,AUTO,5000.0,8.0,5.0,50.0,,,,,,,,,,,
rfm_e50_md25_mfAUTO_mln5000_msl8_mss5_tdp50.yml,not run,50.0,25.0,AUTO,5000.0,8.0,5.0,50.0,,,,,,,,,,,
rfm_e10_md25_mfAUTO_mln5000_msl1_mss2_tdp75.yml,not run,10.0,25.0,AUTO,5000.0,1.0,2.0,75.0,,,,,,,,,,,
rfm_e10_md25_mfAUTO_mln5000_msl4_mss5_tdp75.yml,not run,10.0,25.0,AUTO,5000.0,4.0,5.0,75.0,,,,,,,,,,,
rfm_e100_md100_mfSQRT_mln5000_msl1_mss10_tdp25.yml,not run,100.0,100.0,SQRT,5000.0,1.0,10.0,25.0,,,,,,,,,,,
rfm_e100_md60_mfSQRT_mln5000_msl1_mss10_tdp50.yml,not run,100.0,60.0,SQRT,5000.0,1.0,10.0,50.0,,,,,,,,,,,
rfm_e100_md25_mfSQRT_mln5000_msl4_mss2_tdp50.yml,not run,100.0,25.0,SQRT,5000.0,4.0,2.0,50.0,,,,,,,,,,,
rfm_e100_md60_mfSQRT_mln5000_msl8_mss2_tdp75.yml,not run,100.0,60.0,SQRT,5000.0,8.0,2.0,75.0,,,,,,,,,,,
rfm_e100_md100_mfSQRT_mln5000_msl4_mss10_tdp75.yml,not run,100.0,100.0,SQRT,5000.0,4.0,10.0,75.0,,,,,,,,,,,
rfm_e50_md25_mfSQRT_mln5000_msl2_mss5_tdp75.yml,not run,50.0,25.0,SQRT,5000.0,2.0,5.0,75.0,,,,,,,,,,,
rfm_e50_md25_mfSQRT_mln5000_msl8_mss10_tdp50.yml,not run,50.0,25.0,SQRT,5000.0,8.0,10.0,50.0,,,,,,,,,,,
rfm_e100_md100_mfSQRT_mln5000_msl8_mss10_tdp25.yml,not run,100.0,100.0,SQRT,5000.0,8.0,10.0,25.0,,,,,,,,,,,
rfm_e50_md25_mfLOG2_mln5000_msl2_mss5_tdp50.yml,not run,50.0,25.0,LOG2,5000.0,2.0,5.0,50.0,,,,,,,,,,,
rfm_e50_md25_mfSQRT_mln5000_msl4_mss5_tdp50.yml,not run,50.0,25.0,SQRT,5000.0,4.0,5.0,50.0,,,,,,,,,,,
rfm_e50_md60_mfLOG2_mln5000_msl1_mss5_tdp75.yml,not run,50.0,60.0,LOG2,5000.0,1.0,5.0,75.0,,,,,,,,,,,
rfm_e10_md25_mfSQRT_mln5000_msl8_mss2_tdp25.yml,not run,10.0,25.0,SQRT,5000.0,8.0,2.0,25.0,,,,,,,,,,,
rfm_e10_md60_mfSQRT_mln5000_msl8_mss10_tdp75.yml,not run,10.0,60.0,SQRT,5000.0,8.0,10.0,75.0,,,,,,,,,,,
rfm_e10_md60_mfSQRT_mln5000_msl4_mss2_tdp50.yml,not run,10.0,60.0,SQRT,5000.0,4.0,2.0,50.0,,,,,,,,,,,
rfm_e10_md25_mfSQRT_mln5000_msl4_mss2_tdp50.yml,not run,10.0,25.0,SQRT,5000.0,4.0,2.0,50.0,,,,,,,,,,,
rfm_e10_md25_mfSQRT_mln5000_msl1_mss5_tdp50.yml,not run,10.0,25.0,SQRT,5000.0,1.0,5.0,50.0,,,,,,,,,,,
rfm_e10_md100_mfSQRT_mln5000_msl1_mss2_tdp50.yml,not run,10.0,100.0,SQRT,5000.0,1.0,2.0,50.0,,,,,,,,,,,
rfm_e100_md12_mfAUTO_mln5000_msl4_mss2_tdp25.yml,not run,100.0,12.0,AUTO,5000.0,4.0,2.0,25.0,,,,,,,,,,,
rfm_e100_md12_mfAUTO_mln10000_msl4_mss10_tdp25.yml,not run,100.0,12.0,AUTO,10000.0,4.0,10.0,25.0,,,,,,,,,,,
rfm_e100_md12_mfAUTO_mln5000_msl4_mss10_tdp50.yml,not run,100.0,12.0,AUTO,5000.0,4.0,10.0,50.0,,,,,,,,,,,
rfm_e50_md12_mfAUTO_mln5000_msl4_mss10_tdp50.yml,not run,50.0,12.0,AUTO,5000.0,4.0,10.0,50.0,,,,,,,,,,,
rfm_e10_md12_mfAUTO_mln10000_msl8_mss10_tdp50.yml,not run,10.0,12.0,AUTO,10000.0,8.0,10.0,50.0,,,,,,,,,,,
rfm_e10_md12_mfAUTO_mln50000_msl8_mss5_tdp75.yml,not run,10.0,12.0,AUTO,50000.0,8.0,5.0,75.0,,,,,,,,,,,
rfm_e50_md12_mfAUTO_mln5000_msl1_mss5_tdp25.yml,not run,50.0,12.0,AUTO,5000.0,1.0,5.0,25.0,,,,,,,,,,,
rfm_e50_md12_mfAUTO_mln5000_msl1_mss10_tdp50.yml,not run,50.0,12.0,AUTO,5000.0,1.0,10.0,50.0,,,,,,,,,,,
rfm_e10_md12_mfAUTO_mln5000_msl4_mss10_tdp50.yml,not run,10.0,12.0,AUTO,5000.0,4.0,10.0,50.0,,,,,,,,,,,
rfm_e100_md60_mfAUTO_mln1000_msl4_mss10_tdp25.yml,not run,100.0,60.0,AUTO,1000.0,4.0,10.0,25.0,,,,,,,,,,,
rfm_e100_md60_mfAUTO_mln1000_msl1_mss5_tdp25.yml,not run,100.0,60.0,AUTO,1000.0,1.0,5.0,25.0,,,,,,,,,,,
rfm_e100_md100_mfAUTO_mln1000_msl4_mss5_tdp50.yml,not run,100.0,100.0,AUTO,1000.0,4.0,5.0,50.0,,,,,,,,,,,
rfm_e10_md25_mfAUTO_mln1000_msl2_mss10_tdp25.yml,not run,10.0,25.0,AUTO,1000.0,2.0,10.0,25.0,,,,,,,,,,,
rfm_e50_md60_mfAUTO_mln1000_msl4_mss10_tdp50.yml,not run,50.0,60.0,AUTO,1000.0,4.0,10.0,50.0,,,,,,,,,,,
rfm_e100_md100_mfAUTO_mln1000_msl4_mss10_tdp50.yml,not run,100.0,100.0,AUTO,1000.0,4.0,10.0,50.0,,,,,,,,,,,
rfm_e10_md100_mfAUTO_mln1000_msl2_mss10_tdp75.yml,not run,10.0,100.0,AUTO,1000.0,2.0,10.0,75.0,,,,,,,,,,,
rfm_e10_md25_mfAUTO_mln1000_msl4_mss2_tdp50.yml,not run,10.0,25.0,AUTO,1000.0,4.0,2.0,50.0,,,,,,,,,,,
rfm_e100_md60_mfAUTO_mln1000_msl2_mss10_tdp75.yml,not run,100.0,60.0,AUTO,1000.0,2.0,10.0,75.0,,,,,,,,,,,
rfm_e50_md12_mfAUTO_mln1000_msl4_mss5_tdp50.yml,not run,50.0,12.0,AUTO,1000.0,4.0,5.0,50.0,,,,,,,,,,,
rfm_e50_md12_mfLOG2_mln5000_msl2_mss2_tdp75.yml,not run,50.0,12.0,LOG2,5000.0,2.0,2.0,75.0,,,,,,,,,,,
rfm_e50_md12_mfLOG2_mln10000_msl8_mss2_tdp75.yml,not run,50.0,12.0,LOG2,10000.0,8.0,2.0,75.0,,,,,,,,,,,
rfm_e50_md12_mfSQRT_mln5000_msl8_mss5_tdp50.yml,not run,50.0,12.0,SQRT,5000.0,8.0,5.0,50.0,,,,,,,,,,,
rfm_e50_md12_mfSQRT_mln5000_msl2_mss5_tdp25.yml,not run,50.0,12.0,SQRT,5000.0,2.0,5.0,25.0,,,,,,,,,,,
rfm_e100_md12_mfLOG2_mln10000_msl1_mss10_tdp50.yml,not run,100.0,12.0,LOG2,10000.0,1.0,10.0,50.0,,,,,,,,,,,
rfm_e100_md12_mfLOG2_mln50000_msl2_mss10_tdp25.yml,not run,100.0,12.0,LOG2,50000.0,2.0,10.0,25.0,,,,,,,,,,,
rfm_e100_md12_mfLOG2_mln5000_msl1_mss5_tdp75.yml,not run,100.0,12.0,LOG2,5000.0,1.0,5.0,75.0,,,,,,,,,,,
rfm_e100_md12_mfLOG2_mln10000_msl4_mss2_tdp25.yml,not run,100.0,12.0,LOG2,10000.0,4.0,2.0,25.0,,,,,,,,,,,
rfm_e50_md12_mfAUTO_mln1000_msl4_mss10_tdp50.yml,not run,50.0,12.0,AUTO,1000.0,4.0,10.0,50.0,,,,,,,,,,,
rfm_e10_md12_mfLOG2_mln50000_msl8_mss5_tdp75.yml,not run,10.0,12.0,LOG2,50000.0,8.0,5.0,75.0,,,,,,,,,,,
rfm_e10_md12_mfLOG2_mln5000_msl8_mss10_tdp25.yml,not run,10.0,12.0,LOG2,5000.0,8.0,10.0,25.0,,,,,,,,,,,
rfm_e10_md12_mfLOG2_mln10000_msl2_mss2_tdp50.yml,not run,10.0,12.0,LOG2,10000.0,2.0,2.0,50.0,,,,,,,,,,,
rfm_e100_md60_mfSQRT_mln1000_msl4_mss2_tdp25.yml,not run,100.0,60.0,SQRT,1000.0,4.0,2.0,25.0,,,,,,,,,,,
rfm_e10_md12_mfSQRT_mln10000_msl2_mss2_tdp75.yml,not run,10.0,12.0,SQRT,10000.0,2.0,2.0,75.0,,,,,,,,,,,
rfm_e100_md60_mfSQRT_mln1000_msl1_mss10_tdp50.yml,not run,100.0,60.0,SQRT,1000.0,1.0,10.0,50.0,,,,,,,,,,,
rfm_e100_md100_mfSQRT_mln1000_msl4_mss2_tdp50.yml,not run,100.0,100.0,SQRT,1000.0,4.0,2.0,50.0,,,,,,,,,,,
rfm_e50_md100_mfLOG2_mln1000_msl4_mss5_tdp75.yml,not run,50.0,100.0,LOG2,1000.0,4.0,5.0,75.0,,,,,,,,,,,
rfm_e10_md12_mfLOG2_mln10000_msl8_mss2_tdp75.yml,not run,10.0,12.0,LOG2,10000.0,8.0,2.0,75.0,,,,,,,,,,,
rfm_e50_md60_mfSQRT_mln1000_msl1_mss5_tdp50.yml,not run,50.0,60.0,SQRT,1000.0,1.0,5.0,50.0,,,,,,,,,,,
rfm_e50_md100_mfLOG2_mln1000_msl1_mss5_tdp50.yml,not run,50.0,100.0,LOG2,1000.0,1.0,5.0,50.0,,,,,,,,,,,
rfm_e100_md25_mfSQRT_mln1000_msl1_mss10_tdp75.yml,not run,100.0,25.0,SQRT,1000.0,1.0,10.0,75.0,,,,,,,,,,,
rfm_e50_md100_mfLOG2_mln1000_msl2_mss2_tdp50.yml,not run,50.0,100.0,LOG2,1000.0,2.0,2.0,50.0,,,,,,,,,,,
rfm_e100_md60_mfSQRT_mln1000_msl8_mss2_tdp75.yml,not run,100.0,60.0,SQRT,1000.0,8.0,2.0,75.0,,,,,,,,,,,
rfm_e50_md100_mfSQRT_mln1000_msl2_mss10_tdp25.yml,not run,50.0,100.0,SQRT,1000.0,2.0,10.0,25.0,,,,,,,,,,,
rfm_e10_md12_mfSQRT_mln5000_msl8_mss5_tdp50.yml,not run,10.0,12.0,SQRT,5000.0,8.0,5.0,50.0,,,,,,,,,,,
rfm_e10_md100_mfSQRT_mln1000_msl8_mss2_tdp25.yml,not run,10.0,100.0,SQRT,1000.0,8.0,2.0,25.0,,,,,,,,,,,
rfm_e10_md100_mfLOG2_mln1000_msl4_mss10_tdp75.yml,not run,10.0,100.0,LOG2,1000.0,4.0,10.0,75.0,,,,,,,,,,,
rfm_e10_md25_mfSQRT_mln1000_msl8_mss5_tdp50.yml,not run,10.0,25.0,SQRT,1000.0,8.0,5.0,50.0,,,,,,,,,,,
rfm_e10_md25_mfSQRT_mln1000_msl1_mss2_tdp25.yml,not run,10.0,25.0,SQRT,1000.0,1.0,2.0,25.0,,,,,,,,,,,
rfm_e10_md100_mfLOG2_mln1000_msl4_mss5_tdp50.yml,not run,10.0,100.0,LOG2,1000.0,4.0,5.0,50.0,,,,,,,,,,,
rfm_e50_md12_mfLOG2_mln1000_msl4_mss2_tdp75.yml,not run,50.0,12.0,LOG2,1000.0,4.0,2.0,75.0,,,,,,,,,,,
rfm_e50_md12_mfLOG2_mln50000_msl4_mss10_tdp50.yml,not run,50.0,12.0,LOG2,50000.0,4.0,10.0,50.0,,,,,,,,,,,
rfm_e100_md12_mfLOG2_mln1000_msl2_mss10_tdp75.yml,not run,100.0,12.0,LOG2,1000.0,2.0,10.0,75.0,,,,,,,,,,,
rfm_e100_md12_mfSQRT_mln1000_msl8_mss2_tdp25.yml,not run,100.0,12.0,SQRT,1000.0,8.0,2.0,25.0,,,,,,,,,,,
rfm_e50_md12_mfLOG2_mln10000_msl1_mss10_tdp25.yml,not run,50.0,12.0,LOG2,10000.0,1.0,10.0,25.0,,,,,,,,,,,
rfm_e100_md12_mfSQRT_mln5000_msl2_mss5_tdp50.yml,not run,100.0,12.0,SQRT,5000.0,2.0,5.0,50.0,,,,,,,,,,,
rfm_e100_md12_mfSQRT_mln5000_msl4_mss10_tdp75.yml,not run,100.0,12.0,SQRT,5000.0,4.0,10.0,75.0,,,,,,,,,,,
rfm_e10_md12_mfLOG2_mln1000_msl4_mss5_tdp25.yml,not run,10.0,12.0,LOG2,1000.0,4.0,5.0,25.0,,,,,,,,,,,
rfm_e10_md12_mfLOG2_mln1000_msl4_mss2_tdp50.yml,not run,10.0,12.0,LOG2,1000.0,4.0,2.0,50.0,,,,,,,,,,,
rfm_e50_md12_mfSQRT_mln1000_msl2_mss5_tdp75.yml,not run,50.0,12.0,SQRT,1000.0,2.0,5.0,75.0,,,,,,,,,,,
rfm_e10_md12_mfLOG2_mln50000_msl2_mss2_tdp75.yml,not run,10.0,12.0,LOG2,50000.0,2.0,2.0,75.0,,,,,,,,,,,
rfm_e10_md12_mfSQRT_mln5000_msl2_mss2_tdp50.yml,not run,10.0,12.0,SQRT,5000.0,2.0,2.0,50.0,,,,,,,,,,,